{
    "type": "minecraft:crafting_shaped",
    "pattern": [
        "#n#",
        "#B#",
        " N "
    ],
    "key": {
        "#": {
            "item": "minecraft:glass"
        },
        "n": {
            "item": "minecraft:netherite_ingot"
        },
        "B": {
            "item": "minecraft:chorus_fruit"
        },
        "N": {
            "item": "minecraft:nether_star"
        }
    },
    "result": {
        "item": "quirks_unchained:syringe_random",
        "count": 1
    }
}
